,location,affected_outcome,age_start,age_end,lcl_standard,mean_standard,ucl_standard,lcl_modified,ucl_modified,mean_modified
0,Kano,mam_to_sam_rate,0.5,0.8333333333333334,0.05,0.31000000000000005,0.6900000000000001,1.0,1.0,1.0
1,Kano,mam_to_sam_rate,0.8333333333333334,1.5,0.7177002453220295,0.8084344591728564,0.9056949746201344,1.0,1.0,1.0
2,Kano,mild_to_mam_rate,0.5,0.8333333333333334,0.21000000000000002,0.45,0.79,1.0,1.0,1.0
3,Kano,mild_to_mam_rate,0.8333333333333334,1.5,0.8519739769795875,0.9088163419687505,0.9655363742062206,1.0,1.0,1.0
4,Kano,moderate_stunting_prevalence_ratio,0.5,5.0,0.86,0.89,0.93,1.0,1.0,1.0
5,Kano,severe_stunting_prevalence_ratio,0.5,5.0,0.78,0.83,0.9,1.0,1.0,1.0
6,Kano,tmrel_to_mild_rate,0.5,0.8333333333333334,0.5499999999999999,0.6900000000000001,0.87,1.0,1.0,1.0
7,Kano,tmrel_to_mild_rate,0.8333333333333334,1.5,0.8286648910540735,0.882224114542753,0.955723910282146,1.0,1.0,1.0
8,Abia,mam_to_sam_rate,0.5,0.8333333333333334,1.0,1.0,1.0,1.0,1.0,1.0
9,Abia,mam_to_sam_rate,0.8333333333333334,1.5,1.0,1.0,1.0,1.0,1.0,1.0
10,Abia,mild_to_mam_rate,0.5,0.8333333333333334,1.0,1.0,1.0,1.0,1.0,1.0
11,Abia,mild_to_mam_rate,0.8333333333333334,1.5,1.0,1.0,1.0,1.0,1.0,1.0
12,Abia,moderate_stunting_prevalence_ratio,0.5,5.0,1.0,1.0,1.0,1.0,1.0,1.0
13,Abia,severe_stunting_prevalence_ratio,0.5,5.0,1.0,1.0,1.0,1.0,1.0,1.0
14,Abia,tmrel_to_mild_rate,0.5,0.8333333333333334,1.0,1.0,1.0,1.0,1.0,1.0
15,Abia,tmrel_to_mild_rate,0.8333333333333334,1.5,1.0,1.0,1.0,1.0,1.0,1.0
16,Adamawa,mam_to_sam_rate,0.5,0.8333333333333334,1.0,1.0,1.0,1.0,1.0,1.0
17,Adamawa,mam_to_sam_rate,0.8333333333333334,1.5,1.0,1.0,1.0,1.0,1.0,1.0
18,Adamawa,mild_to_mam_rate,0.5,0.8333333333333334,1.0,1.0,1.0,1.0,1.0,1.0
19,Adamawa,mild_to_mam_rate,0.8333333333333334,1.5,1.0,1.0,1.0,1.0,1.0,1.0
20,Adamawa,moderate_stunting_prevalence_ratio,0.5,5.0,1.0,1.0,1.0,1.0,1.0,1.0
21,Adamawa,severe_stunting_prevalence_ratio,0.5,5.0,1.0,1.0,1.0,1.0,1.0,1.0
22,Adamawa,tmrel_to_mild_rate,0.5,0.8333333333333334,1.0,1.0,1.0,1.0,1.0,1.0
23,Adamawa,tmrel_to_mild_rate,0.8333333333333334,1.5,1.0,1.0,1.0,1.0,1.0,1.0
24,Akwa Ibom,mam_to_sam_rate,0.5,0.8333333333333334,1.0,1.0,1.0,1.0,1.0,1.0
25,Akwa Ibom,mam_to_sam_rate,0.8333333333333334,1.5,1.0,1.0,1.0,1.0,1.0,1.0
26,Akwa Ibom,mild_to_mam_rate,0.5,0.8333333333333334,1.0,1.0,1.0,1.0,1.0,1.0
27,Akwa Ibom,mild_to_mam_rate,0.8333333333333334,1.5,1.0,1.0,1.0,1.0,1.0,1.0
28,Akwa Ibom,moderate_stunting_prevalence_ratio,0.5,5.0,1.0,1.0,1.0,1.0,1.0,1.0
29,Akwa Ibom,severe_stunting_prevalence_ratio,0.5,5.0,1.0,1.0,1.0,1.0,1.0,1.0
30,Akwa Ibom,tmrel_to_mild_rate,0.5,0.8333333333333334,1.0,1.0,1.0,1.0,1.0,1.0
31,Akwa Ibom,tmrel_to_mild_rate,0.8333333333333334,1.5,1.0,1.0,1.0,1.0,1.0,1.0
32,Anambra,mam_to_sam_rate,0.5,0.8333333333333334,1.0,1.0,1.0,1.0,1.0,1.0
33,Anambra,mam_to_sam_rate,0.8333333333333334,1.5,1.0,1.0,1.0,1.0,1.0,1.0
34,Anambra,mild_to_mam_rate,0.5,0.8333333333333334,1.0,1.0,1.0,1.0,1.0,1.0
35,Anambra,mild_to_mam_rate,0.8333333333333334,1.5,1.0,1.0,1.0,1.0,1.0,1.0
36,Anambra,moderate_stunting_prevalence_ratio,0.5,5.0,1.0,1.0,1.0,1.0,1.0,1.0
37,Anambra,severe_stunting_prevalence_ratio,0.5,5.0,1.0,1.0,1.0,1.0,1.0,1.0
38,Anambra,tmrel_to_mild_rate,0.5,0.8333333333333334,1.0,1.0,1.0,1.0,1.0,1.0
39,Anambra,tmrel_to_mild_rate,0.8333333333333334,1.5,1.0,1.0,1.0,1.0,1.0,1.0
40,Bauchi,mam_to_sam_rate,0.5,0.8333333333333334,1.0,1.0,1.0,1.0,1.0,1.0
41,Bauchi,mam_to_sam_rate,0.8333333333333334,1.5,1.0,1.0,1.0,1.0,1.0,1.0
42,Bauchi,mild_to_mam_rate,0.5,0.8333333333333334,1.0,1.0,1.0,1.0,1.0,1.0
43,Bauchi,mild_to_mam_rate,0.8333333333333334,1.5,1.0,1.0,1.0,1.0,1.0,1.0
44,Bauchi,moderate_stunting_prevalence_ratio,0.5,5.0,1.0,1.0,1.0,1.0,1.0,1.0
45,Bauchi,severe_stunting_prevalence_ratio,0.5,5.0,1.0,1.0,1.0,1.0,1.0,1.0
46,Bauchi,tmrel_to_mild_rate,0.5,0.8333333333333334,1.0,1.0,1.0,1.0,1.0,1.0
47,Bauchi,tmrel_to_mild_rate,0.8333333333333334,1.5,1.0,1.0,1.0,1.0,1.0,1.0
48,Bayelsa,mam_to_sam_rate,0.5,0.8333333333333334,1.0,1.0,1.0,1.0,1.0,1.0
49,Bayelsa,mam_to_sam_rate,0.8333333333333334,1.5,1.0,1.0,1.0,1.0,1.0,1.0
50,Bayelsa,mild_to_mam_rate,0.5,0.8333333333333334,1.0,1.0,1.0,1.0,1.0,1.0
51,Bayelsa,mild_to_mam_rate,0.8333333333333334,1.5,1.0,1.0,1.0,1.0,1.0,1.0
52,Bayelsa,moderate_stunting_prevalence_ratio,0.5,5.0,1.0,1.0,1.0,1.0,1.0,1.0
53,Bayelsa,severe_stunting_prevalence_ratio,0.5,5.0,1.0,1.0,1.0,1.0,1.0,1.0
54,Bayelsa,tmrel_to_mild_rate,0.5,0.8333333333333334,1.0,1.0,1.0,1.0,1.0,1.0
55,Bayelsa,tmrel_to_mild_rate,0.8333333333333334,1.5,1.0,1.0,1.0,1.0,1.0,1.0
56,Benue,mam_to_sam_rate,0.5,0.8333333333333334,1.0,1.0,1.0,1.0,1.0,1.0
57,Benue,mam_to_sam_rate,0.8333333333333334,1.5,1.0,1.0,1.0,1.0,1.0,1.0
58,Benue,mild_to_mam_rate,0.5,0.8333333333333334,1.0,1.0,1.0,1.0,1.0,1.0
59,Benue,mild_to_mam_rate,0.8333333333333334,1.5,1.0,1.0,1.0,1.0,1.0,1.0
60,Benue,moderate_stunting_prevalence_ratio,0.5,5.0,1.0,1.0,1.0,1.0,1.0,1.0
61,Benue,severe_stunting_prevalence_ratio,0.5,5.0,1.0,1.0,1.0,1.0,1.0,1.0
62,Benue,tmrel_to_mild_rate,0.5,0.8333333333333334,1.0,1.0,1.0,1.0,1.0,1.0
63,Benue,tmrel_to_mild_rate,0.8333333333333334,1.5,1.0,1.0,1.0,1.0,1.0,1.0
64,Borno,mam_to_sam_rate,0.5,0.8333333333333334,1.0,1.0,1.0,1.0,1.0,1.0
65,Borno,mam_to_sam_rate,0.8333333333333334,1.5,1.0,1.0,1.0,1.0,1.0,1.0
66,Borno,mild_to_mam_rate,0.5,0.8333333333333334,1.0,1.0,1.0,1.0,1.0,1.0
67,Borno,mild_to_mam_rate,0.8333333333333334,1.5,1.0,1.0,1.0,1.0,1.0,1.0
68,Borno,moderate_stunting_prevalence_ratio,0.5,5.0,1.0,1.0,1.0,1.0,1.0,1.0
69,Borno,severe_stunting_prevalence_ratio,0.5,5.0,1.0,1.0,1.0,1.0,1.0,1.0
70,Borno,tmrel_to_mild_rate,0.5,0.8333333333333334,1.0,1.0,1.0,1.0,1.0,1.0
71,Borno,tmrel_to_mild_rate,0.8333333333333334,1.5,1.0,1.0,1.0,1.0,1.0,1.0
72,Cross River,mam_to_sam_rate,0.5,0.8333333333333334,1.0,1.0,1.0,1.0,1.0,1.0
73,Cross River,mam_to_sam_rate,0.8333333333333334,1.5,1.0,1.0,1.0,1.0,1.0,1.0
74,Cross River,mild_to_mam_rate,0.5,0.8333333333333334,1.0,1.0,1.0,1.0,1.0,1.0
75,Cross River,mild_to_mam_rate,0.8333333333333334,1.5,1.0,1.0,1.0,1.0,1.0,1.0
76,Cross River,moderate_stunting_prevalence_ratio,0.5,5.0,1.0,1.0,1.0,1.0,1.0,1.0
77,Cross River,severe_stunting_prevalence_ratio,0.5,5.0,1.0,1.0,1.0,1.0,1.0,1.0
78,Cross River,tmrel_to_mild_rate,0.5,0.8333333333333334,1.0,1.0,1.0,1.0,1.0,1.0
79,Cross River,tmrel_to_mild_rate,0.8333333333333334,1.5,1.0,1.0,1.0,1.0,1.0,1.0
80,Delta,mam_to_sam_rate,0.5,0.8333333333333334,1.0,1.0,1.0,1.0,1.0,1.0
81,Delta,mam_to_sam_rate,0.8333333333333334,1.5,1.0,1.0,1.0,1.0,1.0,1.0
82,Delta,mild_to_mam_rate,0.5,0.8333333333333334,1.0,1.0,1.0,1.0,1.0,1.0
83,Delta,mild_to_mam_rate,0.8333333333333334,1.5,1.0,1.0,1.0,1.0,1.0,1.0
84,Delta,moderate_stunting_prevalence_ratio,0.5,5.0,1.0,1.0,1.0,1.0,1.0,1.0
85,Delta,severe_stunting_prevalence_ratio,0.5,5.0,1.0,1.0,1.0,1.0,1.0,1.0
86,Delta,tmrel_to_mild_rate,0.5,0.8333333333333334,1.0,1.0,1.0,1.0,1.0,1.0
87,Delta,tmrel_to_mild_rate,0.8333333333333334,1.5,1.0,1.0,1.0,1.0,1.0,1.0
88,Ebonyi,mam_to_sam_rate,0.5,0.8333333333333334,1.0,1.0,1.0,1.0,1.0,1.0
89,Ebonyi,mam_to_sam_rate,0.8333333333333334,1.5,1.0,1.0,1.0,1.0,1.0,1.0
90,Ebonyi,mild_to_mam_rate,0.5,0.8333333333333334,1.0,1.0,1.0,1.0,1.0,1.0
91,Ebonyi,mild_to_mam_rate,0.8333333333333334,1.5,1.0,1.0,1.0,1.0,1.0,1.0
92,Ebonyi,moderate_stunting_prevalence_ratio,0.5,5.0,1.0,1.0,1.0,1.0,1.0,1.0
93,Ebonyi,severe_stunting_prevalence_ratio,0.5,5.0,1.0,1.0,1.0,1.0,1.0,1.0
94,Ebonyi,tmrel_to_mild_rate,0.5,0.8333333333333334,1.0,1.0,1.0,1.0,1.0,1.0
95,Ebonyi,tmrel_to_mild_rate,0.8333333333333334,1.5,1.0,1.0,1.0,1.0,1.0,1.0
96,Edo,mam_to_sam_rate,0.5,0.8333333333333334,1.0,1.0,1.0,1.0,1.0,1.0
97,Edo,mam_to_sam_rate,0.8333333333333334,1.5,1.0,1.0,1.0,1.0,1.0,1.0
98,Edo,mild_to_mam_rate,0.5,0.8333333333333334,1.0,1.0,1.0,1.0,1.0,1.0
99,Edo,mild_to_mam_rate,0.8333333333333334,1.5,1.0,1.0,1.0,1.0,1.0,1.0
100,Edo,moderate_stunting_prevalence_ratio,0.5,5.0,1.0,1.0,1.0,1.0,1.0,1.0
101,Edo,severe_stunting_prevalence_ratio,0.5,5.0,1.0,1.0,1.0,1.0,1.0,1.0
102,Edo,tmrel_to_mild_rate,0.5,0.8333333333333334,1.0,1.0,1.0,1.0,1.0,1.0
103,Edo,tmrel_to_mild_rate,0.8333333333333334,1.5,1.0,1.0,1.0,1.0,1.0,1.0
104,Ekiti,mam_to_sam_rate,0.5,0.8333333333333334,1.0,1.0,1.0,1.0,1.0,1.0
105,Ekiti,mam_to_sam_rate,0.8333333333333334,1.5,1.0,1.0,1.0,1.0,1.0,1.0
106,Ekiti,mild_to_mam_rate,0.5,0.8333333333333334,1.0,1.0,1.0,1.0,1.0,1.0
107,Ekiti,mild_to_mam_rate,0.8333333333333334,1.5,1.0,1.0,1.0,1.0,1.0,1.0
108,Ekiti,moderate_stunting_prevalence_ratio,0.5,5.0,1.0,1.0,1.0,1.0,1.0,1.0
109,Ekiti,severe_stunting_prevalence_ratio,0.5,5.0,1.0,1.0,1.0,1.0,1.0,1.0
110,Ekiti,tmrel_to_mild_rate,0.5,0.8333333333333334,1.0,1.0,1.0,1.0,1.0,1.0
111,Ekiti,tmrel_to_mild_rate,0.8333333333333334,1.5,1.0,1.0,1.0,1.0,1.0,1.0
112,Enugu,mam_to_sam_rate,0.5,0.8333333333333334,1.0,1.0,1.0,1.0,1.0,1.0
113,Enugu,mam_to_sam_rate,0.8333333333333334,1.5,1.0,1.0,1.0,1.0,1.0,1.0
114,Enugu,mild_to_mam_rate,0.5,0.8333333333333334,1.0,1.0,1.0,1.0,1.0,1.0
115,Enugu,mild_to_mam_rate,0.8333333333333334,1.5,1.0,1.0,1.0,1.0,1.0,1.0
116,Enugu,moderate_stunting_prevalence_ratio,0.5,5.0,1.0,1.0,1.0,1.0,1.0,1.0
117,Enugu,severe_stunting_prevalence_ratio,0.5,5.0,1.0,1.0,1.0,1.0,1.0,1.0
118,Enugu,tmrel_to_mild_rate,0.5,0.8333333333333334,1.0,1.0,1.0,1.0,1.0,1.0
119,Enugu,tmrel_to_mild_rate,0.8333333333333334,1.5,1.0,1.0,1.0,1.0,1.0,1.0
120,FCT (Abuja),mam_to_sam_rate,0.5,0.8333333333333334,1.0,1.0,1.0,1.0,1.0,1.0
121,FCT (Abuja),mam_to_sam_rate,0.8333333333333334,1.5,1.0,1.0,1.0,1.0,1.0,1.0
122,FCT (Abuja),mild_to_mam_rate,0.5,0.8333333333333334,1.0,1.0,1.0,1.0,1.0,1.0
123,FCT (Abuja),mild_to_mam_rate,0.8333333333333334,1.5,1.0,1.0,1.0,1.0,1.0,1.0
124,FCT (Abuja),moderate_stunting_prevalence_ratio,0.5,5.0,1.0,1.0,1.0,1.0,1.0,1.0
125,FCT (Abuja),severe_stunting_prevalence_ratio,0.5,5.0,1.0,1.0,1.0,1.0,1.0,1.0
126,FCT (Abuja),tmrel_to_mild_rate,0.5,0.8333333333333334,1.0,1.0,1.0,1.0,1.0,1.0
127,FCT (Abuja),tmrel_to_mild_rate,0.8333333333333334,1.5,1.0,1.0,1.0,1.0,1.0,1.0
128,Gombe,mam_to_sam_rate,0.5,0.8333333333333334,1.0,1.0,1.0,1.0,1.0,1.0
129,Gombe,mam_to_sam_rate,0.8333333333333334,1.5,1.0,1.0,1.0,1.0,1.0,1.0
130,Gombe,mild_to_mam_rate,0.5,0.8333333333333334,1.0,1.0,1.0,1.0,1.0,1.0
131,Gombe,mild_to_mam_rate,0.8333333333333334,1.5,1.0,1.0,1.0,1.0,1.0,1.0
132,Gombe,moderate_stunting_prevalence_ratio,0.5,5.0,1.0,1.0,1.0,1.0,1.0,1.0
133,Gombe,severe_stunting_prevalence_ratio,0.5,5.0,1.0,1.0,1.0,1.0,1.0,1.0
134,Gombe,tmrel_to_mild_rate,0.5,0.8333333333333334,1.0,1.0,1.0,1.0,1.0,1.0
135,Gombe,tmrel_to_mild_rate,0.8333333333333334,1.5,1.0,1.0,1.0,1.0,1.0,1.0
136,Imo,mam_to_sam_rate,0.5,0.8333333333333334,1.0,1.0,1.0,1.0,1.0,1.0
137,Imo,mam_to_sam_rate,0.8333333333333334,1.5,1.0,1.0,1.0,1.0,1.0,1.0
138,Imo,mild_to_mam_rate,0.5,0.8333333333333334,1.0,1.0,1.0,1.0,1.0,1.0
139,Imo,mild_to_mam_rate,0.8333333333333334,1.5,1.0,1.0,1.0,1.0,1.0,1.0
140,Imo,moderate_stunting_prevalence_ratio,0.5,5.0,1.0,1.0,1.0,1.0,1.0,1.0
141,Imo,severe_stunting_prevalence_ratio,0.5,5.0,1.0,1.0,1.0,1.0,1.0,1.0
142,Imo,tmrel_to_mild_rate,0.5,0.8333333333333334,1.0,1.0,1.0,1.0,1.0,1.0
143,Imo,tmrel_to_mild_rate,0.8333333333333334,1.5,1.0,1.0,1.0,1.0,1.0,1.0
144,Jigawa,mam_to_sam_rate,0.5,0.8333333333333334,1.0,1.0,1.0,1.0,1.0,1.0
145,Jigawa,mam_to_sam_rate,0.8333333333333334,1.5,1.0,1.0,1.0,1.0,1.0,1.0
146,Jigawa,mild_to_mam_rate,0.5,0.8333333333333334,1.0,1.0,1.0,1.0,1.0,1.0
147,Jigawa,mild_to_mam_rate,0.8333333333333334,1.5,1.0,1.0,1.0,1.0,1.0,1.0
148,Jigawa,moderate_stunting_prevalence_ratio,0.5,5.0,1.0,1.0,1.0,1.0,1.0,1.0
149,Jigawa,severe_stunting_prevalence_ratio,0.5,5.0,1.0,1.0,1.0,1.0,1.0,1.0
150,Jigawa,tmrel_to_mild_rate,0.5,0.8333333333333334,1.0,1.0,1.0,1.0,1.0,1.0
151,Jigawa,tmrel_to_mild_rate,0.8333333333333334,1.5,1.0,1.0,1.0,1.0,1.0,1.0
152,Kaduna,mam_to_sam_rate,0.5,0.8333333333333334,1.0,1.0,1.0,1.0,1.0,1.0
153,Kaduna,mam_to_sam_rate,0.8333333333333334,1.5,1.0,1.0,1.0,1.0,1.0,1.0
154,Kaduna,mild_to_mam_rate,0.5,0.8333333333333334,1.0,1.0,1.0,1.0,1.0,1.0
155,Kaduna,mild_to_mam_rate,0.8333333333333334,1.5,1.0,1.0,1.0,1.0,1.0,1.0
156,Kaduna,moderate_stunting_prevalence_ratio,0.5,5.0,1.0,1.0,1.0,1.0,1.0,1.0
157,Kaduna,severe_stunting_prevalence_ratio,0.5,5.0,1.0,1.0,1.0,1.0,1.0,1.0
158,Kaduna,tmrel_to_mild_rate,0.5,0.8333333333333334,1.0,1.0,1.0,1.0,1.0,1.0
159,Kaduna,tmrel_to_mild_rate,0.8333333333333334,1.5,1.0,1.0,1.0,1.0,1.0,1.0
160,Katsina,mam_to_sam_rate,0.5,0.8333333333333334,1.0,1.0,1.0,1.0,1.0,1.0
161,Katsina,mam_to_sam_rate,0.8333333333333334,1.5,1.0,1.0,1.0,1.0,1.0,1.0
162,Katsina,mild_to_mam_rate,0.5,0.8333333333333334,1.0,1.0,1.0,1.0,1.0,1.0
163,Katsina,mild_to_mam_rate,0.8333333333333334,1.5,1.0,1.0,1.0,1.0,1.0,1.0
164,Katsina,moderate_stunting_prevalence_ratio,0.5,5.0,1.0,1.0,1.0,1.0,1.0,1.0
165,Katsina,severe_stunting_prevalence_ratio,0.5,5.0,1.0,1.0,1.0,1.0,1.0,1.0
166,Katsina,tmrel_to_mild_rate,0.5,0.8333333333333334,1.0,1.0,1.0,1.0,1.0,1.0
167,Katsina,tmrel_to_mild_rate,0.8333333333333334,1.5,1.0,1.0,1.0,1.0,1.0,1.0
168,Kebbi,mam_to_sam_rate,0.5,0.8333333333333334,1.0,1.0,1.0,1.0,1.0,1.0
169,Kebbi,mam_to_sam_rate,0.8333333333333334,1.5,1.0,1.0,1.0,1.0,1.0,1.0
170,Kebbi,mild_to_mam_rate,0.5,0.8333333333333334,1.0,1.0,1.0,1.0,1.0,1.0
171,Kebbi,mild_to_mam_rate,0.8333333333333334,1.5,1.0,1.0,1.0,1.0,1.0,1.0
172,Kebbi,moderate_stunting_prevalence_ratio,0.5,5.0,1.0,1.0,1.0,1.0,1.0,1.0
173,Kebbi,severe_stunting_prevalence_ratio,0.5,5.0,1.0,1.0,1.0,1.0,1.0,1.0
174,Kebbi,tmrel_to_mild_rate,0.5,0.8333333333333334,1.0,1.0,1.0,1.0,1.0,1.0
175,Kebbi,tmrel_to_mild_rate,0.8333333333333334,1.5,1.0,1.0,1.0,1.0,1.0,1.0
176,Kogi,mam_to_sam_rate,0.5,0.8333333333333334,1.0,1.0,1.0,1.0,1.0,1.0
177,Kogi,mam_to_sam_rate,0.8333333333333334,1.5,1.0,1.0,1.0,1.0,1.0,1.0
178,Kogi,mild_to_mam_rate,0.5,0.8333333333333334,1.0,1.0,1.0,1.0,1.0,1.0
179,Kogi,mild_to_mam_rate,0.8333333333333334,1.5,1.0,1.0,1.0,1.0,1.0,1.0
180,Kogi,moderate_stunting_prevalence_ratio,0.5,5.0,1.0,1.0,1.0,1.0,1.0,1.0
181,Kogi,severe_stunting_prevalence_ratio,0.5,5.0,1.0,1.0,1.0,1.0,1.0,1.0
182,Kogi,tmrel_to_mild_rate,0.5,0.8333333333333334,1.0,1.0,1.0,1.0,1.0,1.0
183,Kogi,tmrel_to_mild_rate,0.8333333333333334,1.5,1.0,1.0,1.0,1.0,1.0,1.0
184,Kwara,mam_to_sam_rate,0.5,0.8333333333333334,1.0,1.0,1.0,1.0,1.0,1.0
185,Kwara,mam_to_sam_rate,0.8333333333333334,1.5,1.0,1.0,1.0,1.0,1.0,1.0
186,Kwara,mild_to_mam_rate,0.5,0.8333333333333334,1.0,1.0,1.0,1.0,1.0,1.0
187,Kwara,mild_to_mam_rate,0.8333333333333334,1.5,1.0,1.0,1.0,1.0,1.0,1.0
188,Kwara,moderate_stunting_prevalence_ratio,0.5,5.0,1.0,1.0,1.0,1.0,1.0,1.0
189,Kwara,severe_stunting_prevalence_ratio,0.5,5.0,1.0,1.0,1.0,1.0,1.0,1.0
190,Kwara,tmrel_to_mild_rate,0.5,0.8333333333333334,1.0,1.0,1.0,1.0,1.0,1.0
191,Kwara,tmrel_to_mild_rate,0.8333333333333334,1.5,1.0,1.0,1.0,1.0,1.0,1.0
192,Lagos,mam_to_sam_rate,0.5,0.8333333333333334,1.0,1.0,1.0,1.0,1.0,1.0
193,Lagos,mam_to_sam_rate,0.8333333333333334,1.5,1.0,1.0,1.0,1.0,1.0,1.0
194,Lagos,mild_to_mam_rate,0.5,0.8333333333333334,1.0,1.0,1.0,1.0,1.0,1.0
195,Lagos,mild_to_mam_rate,0.8333333333333334,1.5,1.0,1.0,1.0,1.0,1.0,1.0
196,Lagos,moderate_stunting_prevalence_ratio,0.5,5.0,1.0,1.0,1.0,1.0,1.0,1.0
197,Lagos,severe_stunting_prevalence_ratio,0.5,5.0,1.0,1.0,1.0,1.0,1.0,1.0
198,Lagos,tmrel_to_mild_rate,0.5,0.8333333333333334,1.0,1.0,1.0,1.0,1.0,1.0
199,Lagos,tmrel_to_mild_rate,0.8333333333333334,1.5,1.0,1.0,1.0,1.0,1.0,1.0
200,Nasarawa,mam_to_sam_rate,0.5,0.8333333333333334,1.0,1.0,1.0,1.0,1.0,1.0
201,Nasarawa,mam_to_sam_rate,0.8333333333333334,1.5,1.0,1.0,1.0,1.0,1.0,1.0
202,Nasarawa,mild_to_mam_rate,0.5,0.8333333333333334,1.0,1.0,1.0,1.0,1.0,1.0
203,Nasarawa,mild_to_mam_rate,0.8333333333333334,1.5,1.0,1.0,1.0,1.0,1.0,1.0
204,Nasarawa,moderate_stunting_prevalence_ratio,0.5,5.0,1.0,1.0,1.0,1.0,1.0,1.0
205,Nasarawa,severe_stunting_prevalence_ratio,0.5,5.0,1.0,1.0,1.0,1.0,1.0,1.0
206,Nasarawa,tmrel_to_mild_rate,0.5,0.8333333333333334,1.0,1.0,1.0,1.0,1.0,1.0
207,Nasarawa,tmrel_to_mild_rate,0.8333333333333334,1.5,1.0,1.0,1.0,1.0,1.0,1.0
208,Niger,mam_to_sam_rate,0.5,0.8333333333333334,1.0,1.0,1.0,1.0,1.0,1.0
209,Niger,mam_to_sam_rate,0.8333333333333334,1.5,1.0,1.0,1.0,1.0,1.0,1.0
210,Niger,mild_to_mam_rate,0.5,0.8333333333333334,1.0,1.0,1.0,1.0,1.0,1.0
211,Niger,mild_to_mam_rate,0.8333333333333334,1.5,1.0,1.0,1.0,1.0,1.0,1.0
212,Niger,moderate_stunting_prevalence_ratio,0.5,5.0,1.0,1.0,1.0,1.0,1.0,1.0
213,Niger,severe_stunting_prevalence_ratio,0.5,5.0,1.0,1.0,1.0,1.0,1.0,1.0
214,Niger,tmrel_to_mild_rate,0.5,0.8333333333333334,1.0,1.0,1.0,1.0,1.0,1.0
215,Niger,tmrel_to_mild_rate,0.8333333333333334,1.5,1.0,1.0,1.0,1.0,1.0,1.0
216,Ogun,mam_to_sam_rate,0.5,0.8333333333333334,1.0,1.0,1.0,1.0,1.0,1.0
217,Ogun,mam_to_sam_rate,0.8333333333333334,1.5,1.0,1.0,1.0,1.0,1.0,1.0
218,Ogun,mild_to_mam_rate,0.5,0.8333333333333334,1.0,1.0,1.0,1.0,1.0,1.0
219,Ogun,mild_to_mam_rate,0.8333333333333334,1.5,1.0,1.0,1.0,1.0,1.0,1.0
220,Ogun,moderate_stunting_prevalence_ratio,0.5,5.0,1.0,1.0,1.0,1.0,1.0,1.0
221,Ogun,severe_stunting_prevalence_ratio,0.5,5.0,1.0,1.0,1.0,1.0,1.0,1.0
222,Ogun,tmrel_to_mild_rate,0.5,0.8333333333333334,1.0,1.0,1.0,1.0,1.0,1.0
223,Ogun,tmrel_to_mild_rate,0.8333333333333334,1.5,1.0,1.0,1.0,1.0,1.0,1.0
224,Ondo,mam_to_sam_rate,0.5,0.8333333333333334,1.0,1.0,1.0,1.0,1.0,1.0
225,Ondo,mam_to_sam_rate,0.8333333333333334,1.5,1.0,1.0,1.0,1.0,1.0,1.0
226,Ondo,mild_to_mam_rate,0.5,0.8333333333333334,1.0,1.0,1.0,1.0,1.0,1.0
227,Ondo,mild_to_mam_rate,0.8333333333333334,1.5,1.0,1.0,1.0,1.0,1.0,1.0
228,Ondo,moderate_stunting_prevalence_ratio,0.5,5.0,1.0,1.0,1.0,1.0,1.0,1.0
229,Ondo,severe_stunting_prevalence_ratio,0.5,5.0,1.0,1.0,1.0,1.0,1.0,1.0
230,Ondo,tmrel_to_mild_rate,0.5,0.8333333333333334,1.0,1.0,1.0,1.0,1.0,1.0
231,Ondo,tmrel_to_mild_rate,0.8333333333333334,1.5,1.0,1.0,1.0,1.0,1.0,1.0
232,Osun,mam_to_sam_rate,0.5,0.8333333333333334,1.0,1.0,1.0,1.0,1.0,1.0
233,Osun,mam_to_sam_rate,0.8333333333333334,1.5,1.0,1.0,1.0,1.0,1.0,1.0
234,Osun,mild_to_mam_rate,0.5,0.8333333333333334,1.0,1.0,1.0,1.0,1.0,1.0
235,Osun,mild_to_mam_rate,0.8333333333333334,1.5,1.0,1.0,1.0,1.0,1.0,1.0
236,Osun,moderate_stunting_prevalence_ratio,0.5,5.0,1.0,1.0,1.0,1.0,1.0,1.0
237,Osun,severe_stunting_prevalence_ratio,0.5,5.0,1.0,1.0,1.0,1.0,1.0,1.0
238,Osun,tmrel_to_mild_rate,0.5,0.8333333333333334,1.0,1.0,1.0,1.0,1.0,1.0
239,Osun,tmrel_to_mild_rate,0.8333333333333334,1.5,1.0,1.0,1.0,1.0,1.0,1.0
240,Oyo,mam_to_sam_rate,0.5,0.8333333333333334,1.0,1.0,1.0,1.0,1.0,1.0
241,Oyo,mam_to_sam_rate,0.8333333333333334,1.5,1.0,1.0,1.0,1.0,1.0,1.0
242,Oyo,mild_to_mam_rate,0.5,0.8333333333333334,1.0,1.0,1.0,1.0,1.0,1.0
243,Oyo,mild_to_mam_rate,0.8333333333333334,1.5,1.0,1.0,1.0,1.0,1.0,1.0
244,Oyo,moderate_stunting_prevalence_ratio,0.5,5.0,1.0,1.0,1.0,1.0,1.0,1.0
245,Oyo,severe_stunting_prevalence_ratio,0.5,5.0,1.0,1.0,1.0,1.0,1.0,1.0
246,Oyo,tmrel_to_mild_rate,0.5,0.8333333333333334,1.0,1.0,1.0,1.0,1.0,1.0
247,Oyo,tmrel_to_mild_rate,0.8333333333333334,1.5,1.0,1.0,1.0,1.0,1.0,1.0
248,Plateau,mam_to_sam_rate,0.5,0.8333333333333334,1.0,1.0,1.0,1.0,1.0,1.0
249,Plateau,mam_to_sam_rate,0.8333333333333334,1.5,1.0,1.0,1.0,1.0,1.0,1.0
250,Plateau,mild_to_mam_rate,0.5,0.8333333333333334,1.0,1.0,1.0,1.0,1.0,1.0
251,Plateau,mild_to_mam_rate,0.8333333333333334,1.5,1.0,1.0,1.0,1.0,1.0,1.0
252,Plateau,moderate_stunting_prevalence_ratio,0.5,5.0,1.0,1.0,1.0,1.0,1.0,1.0
253,Plateau,severe_stunting_prevalence_ratio,0.5,5.0,1.0,1.0,1.0,1.0,1.0,1.0
254,Plateau,tmrel_to_mild_rate,0.5,0.8333333333333334,1.0,1.0,1.0,1.0,1.0,1.0
255,Plateau,tmrel_to_mild_rate,0.8333333333333334,1.5,1.0,1.0,1.0,1.0,1.0,1.0
256,Rivers,mam_to_sam_rate,0.5,0.8333333333333334,1.0,1.0,1.0,1.0,1.0,1.0
257,Rivers,mam_to_sam_rate,0.8333333333333334,1.5,1.0,1.0,1.0,1.0,1.0,1.0
258,Rivers,mild_to_mam_rate,0.5,0.8333333333333334,1.0,1.0,1.0,1.0,1.0,1.0
259,Rivers,mild_to_mam_rate,0.8333333333333334,1.5,1.0,1.0,1.0,1.0,1.0,1.0
260,Rivers,moderate_stunting_prevalence_ratio,0.5,5.0,1.0,1.0,1.0,1.0,1.0,1.0
261,Rivers,severe_stunting_prevalence_ratio,0.5,5.0,1.0,1.0,1.0,1.0,1.0,1.0
262,Rivers,tmrel_to_mild_rate,0.5,0.8333333333333334,1.0,1.0,1.0,1.0,1.0,1.0
263,Rivers,tmrel_to_mild_rate,0.8333333333333334,1.5,1.0,1.0,1.0,1.0,1.0,1.0
264,Sokoto,mam_to_sam_rate,0.5,0.8333333333333334,1.0,1.0,1.0,1.0,1.0,1.0
265,Sokoto,mam_to_sam_rate,0.8333333333333334,1.5,1.0,1.0,1.0,1.0,1.0,1.0
266,Sokoto,mild_to_mam_rate,0.5,0.8333333333333334,1.0,1.0,1.0,1.0,1.0,1.0
267,Sokoto,mild_to_mam_rate,0.8333333333333334,1.5,1.0,1.0,1.0,1.0,1.0,1.0
268,Sokoto,moderate_stunting_prevalence_ratio,0.5,5.0,1.0,1.0,1.0,1.0,1.0,1.0
269,Sokoto,severe_stunting_prevalence_ratio,0.5,5.0,1.0,1.0,1.0,1.0,1.0,1.0
270,Sokoto,tmrel_to_mild_rate,0.5,0.8333333333333334,1.0,1.0,1.0,1.0,1.0,1.0
271,Sokoto,tmrel_to_mild_rate,0.8333333333333334,1.5,1.0,1.0,1.0,1.0,1.0,1.0
272,Taraba,mam_to_sam_rate,0.5,0.8333333333333334,1.0,1.0,1.0,1.0,1.0,1.0
273,Taraba,mam_to_sam_rate,0.8333333333333334,1.5,1.0,1.0,1.0,1.0,1.0,1.0
274,Taraba,mild_to_mam_rate,0.5,0.8333333333333334,1.0,1.0,1.0,1.0,1.0,1.0
275,Taraba,mild_to_mam_rate,0.8333333333333334,1.5,1.0,1.0,1.0,1.0,1.0,1.0
276,Taraba,moderate_stunting_prevalence_ratio,0.5,5.0,1.0,1.0,1.0,1.0,1.0,1.0
277,Taraba,severe_stunting_prevalence_ratio,0.5,5.0,1.0,1.0,1.0,1.0,1.0,1.0
278,Taraba,tmrel_to_mild_rate,0.5,0.8333333333333334,1.0,1.0,1.0,1.0,1.0,1.0
279,Taraba,tmrel_to_mild_rate,0.8333333333333334,1.5,1.0,1.0,1.0,1.0,1.0,1.0
280,Yobe,mam_to_sam_rate,0.5,0.8333333333333334,1.0,1.0,1.0,1.0,1.0,1.0
281,Yobe,mam_to_sam_rate,0.8333333333333334,1.5,1.0,1.0,1.0,1.0,1.0,1.0
282,Yobe,mild_to_mam_rate,0.5,0.8333333333333334,1.0,1.0,1.0,1.0,1.0,1.0
283,Yobe,mild_to_mam_rate,0.8333333333333334,1.5,1.0,1.0,1.0,1.0,1.0,1.0
284,Yobe,moderate_stunting_prevalence_ratio,0.5,5.0,1.0,1.0,1.0,1.0,1.0,1.0
285,Yobe,severe_stunting_prevalence_ratio,0.5,5.0,1.0,1.0,1.0,1.0,1.0,1.0
286,Yobe,tmrel_to_mild_rate,0.5,0.8333333333333334,1.0,1.0,1.0,1.0,1.0,1.0
287,Yobe,tmrel_to_mild_rate,0.8333333333333334,1.5,1.0,1.0,1.0,1.0,1.0,1.0
288,Zamfara,mam_to_sam_rate,0.5,0.8333333333333334,1.0,1.0,1.0,1.0,1.0,1.0
289,Zamfara,mam_to_sam_rate,0.8333333333333334,1.5,1.0,1.0,1.0,1.0,1.0,1.0
290,Zamfara,mild_to_mam_rate,0.5,0.8333333333333334,1.0,1.0,1.0,1.0,1.0,1.0
291,Zamfara,mild_to_mam_rate,0.8333333333333334,1.5,1.0,1.0,1.0,1.0,1.0,1.0
292,Zamfara,moderate_stunting_prevalence_ratio,0.5,5.0,1.0,1.0,1.0,1.0,1.0,1.0
293,Zamfara,severe_stunting_prevalence_ratio,0.5,5.0,1.0,1.0,1.0,1.0,1.0,1.0
294,Zamfara,tmrel_to_mild_rate,0.5,0.8333333333333334,1.0,1.0,1.0,1.0,1.0,1.0
295,Zamfara,tmrel_to_mild_rate,0.8333333333333334,1.5,1.0,1.0,1.0,1.0,1.0,1.0
