,location,age_start,age_end,affected_outcome,lower,median,upper,location_id,national_id
0,Abia,0.5,0.833333333,mam_to_sam_rate,0.05,0.19,0.63,25318,214
1,Abia,0.5,0.833333333,mild_to_mam_rate,0.29,0.49,0.81,25318,214
2,Abia,0.5,0.833333333,tmrel_to_mild_rate,0.63,0.73,0.89,25318,214
3,Abia,0.833333333,1.5,mam_to_sam_rate,0.67,0.77,0.88,25318,214
4,Abia,0.833333333,1.5,mild_to_mam_rate,0.8,0.87,0.94,25318,214
5,Abia,0.833333333,1.5,tmrel_to_mild_rate,0.83,0.88,0.96,25318,214
6,Abia,0,5,moderate_stunting_prevalence_ratio,0.86,0.89,0.93,25318,214
7,Abia,0,5,severe_stunting_prevalence_ratio,0.78,0.83,0.9,25318,214
8,Adamawa,0.5,0.833333333,mam_to_sam_rate,0.05,0.31,0.69,25319,214
9,Adamawa,0.5,0.833333333,mild_to_mam_rate,0.53,0.69,0.89,25319,214
10,Adamawa,0.5,0.833333333,tmrel_to_mild_rate,0.75,0.83,0.93,25319,214
11,Adamawa,0.833333333,1.5,mam_to_sam_rate,0.66,0.77,0.87,25319,214
12,Adamawa,0.833333333,1.5,mild_to_mam_rate,0.82,0.88,0.95,25319,214
13,Adamawa,0.833333333,1.5,tmrel_to_mild_rate,0.85,0.9,0.96,25319,214
14,Adamawa,0,5,moderate_stunting_prevalence_ratio,0.86,0.89,0.93,25319,214
15,Adamawa,0,5,severe_stunting_prevalence_ratio,0.78,0.83,0.9,25319,214
16,Addis Ababa,0.5,0.833333333,mam_to_sam_rate,0.05,0.35,0.71,44861,179
17,Addis Ababa,0.5,0.833333333,mild_to_mam_rate,0.57,0.73,0.89,44861,179
18,Addis Ababa,0.5,0.833333333,tmrel_to_mild_rate,0.75,0.83,0.95,44861,179
19,Addis Ababa,0.833333333,1.5,mam_to_sam_rate,0.68,0.78,0.89,44861,179
20,Addis Ababa,0.833333333,1.5,mild_to_mam_rate,0.85,0.91,0.97,44861,179
21,Addis Ababa,0.833333333,1.5,tmrel_to_mild_rate,0.88,0.92,0.98,44861,179
22,Addis Ababa,0,5,moderate_stunting_prevalence_ratio,0.86,0.89,0.93,44861,179
23,Addis Ababa,0,5,severe_stunting_prevalence_ratio,0.78,0.83,0.9,44861,179
24,Afar,0.5,0.833333333,mam_to_sam_rate,0.05,0.33,0.69,44853,179
25,Afar,0.5,0.833333333,mild_to_mam_rate,0.49,0.69,0.89,44853,179
26,Afar,0.5,0.833333333,tmrel_to_mild_rate,0.45,0.63,0.87,44853,179
27,Afar,0.833333333,1.5,mam_to_sam_rate,0.7,0.8,0.92,44853,179
28,Afar,0.833333333,1.5,mild_to_mam_rate,0.81,0.87,0.94,44853,179
29,Afar,0.833333333,1.5,tmrel_to_mild_rate,0.8,0.87,0.97,44853,179
30,Afar,0,5,moderate_stunting_prevalence_ratio,0.86,0.89,0.93,44853,179
31,Afar,0,5,severe_stunting_prevalence_ratio,0.78,0.83,0.9,44853,179
32,Akwa Ibom,0.5,0.833333333,mam_to_sam_rate,0.05,0.17,0.65,25320,214
33,Akwa Ibom,0.5,0.833333333,mild_to_mam_rate,0.29,0.47,0.81,25320,214
34,Akwa Ibom,0.5,0.833333333,tmrel_to_mild_rate,0.65,0.75,0.89,25320,214
35,Akwa Ibom,0.833333333,1.5,mam_to_sam_rate,0.67,0.78,0.89,25320,214
36,Akwa Ibom,0.833333333,1.5,mild_to_mam_rate,0.79,0.87,0.94,25320,214
37,Akwa Ibom,0.833333333,1.5,tmrel_to_mild_rate,0.84,0.89,0.96,25320,214
38,Akwa Ibom,0,5,moderate_stunting_prevalence_ratio,0.86,0.89,0.93,25320,214
39,Akwa Ibom,0,5,severe_stunting_prevalence_ratio,0.78,0.83,0.9,25320,214
40,Amhara,0.5,0.833333333,mam_to_sam_rate,0.05,0.37,0.71,44854,179
41,Amhara,0.5,0.833333333,mild_to_mam_rate,0.61,0.75,0.91,44854,179
42,Amhara,0.5,0.833333333,tmrel_to_mild_rate,0.75,0.83,0.93,44854,179
43,Amhara,0.833333333,1.5,mam_to_sam_rate,0.68,0.79,0.9,44854,179
44,Amhara,0.833333333,1.5,mild_to_mam_rate,0.85,0.91,0.96,44854,179
45,Amhara,0.833333333,1.5,tmrel_to_mild_rate,0.85,0.9,0.97,44854,179
46,Amhara,0,5,moderate_stunting_prevalence_ratio,0.86,0.89,0.93,44854,179
47,Amhara,0,5,severe_stunting_prevalence_ratio,0.78,0.83,0.9,44854,179
48,Anambra,0.5,0.833333333,mam_to_sam_rate,0.05,0.21,0.65,25321,214
49,Anambra,0.5,0.833333333,mild_to_mam_rate,0.43,0.61,0.85,25321,214
50,Anambra,0.5,0.833333333,tmrel_to_mild_rate,0.73,0.81,0.93,25321,214
51,Anambra,0.833333333,1.5,mam_to_sam_rate,0.68,0.78,0.89,25321,214
52,Anambra,0.833333333,1.5,mild_to_mam_rate,0.82,0.88,0.95,25321,214
53,Anambra,0.833333333,1.5,tmrel_to_mild_rate,0.86,0.9,0.97,25321,214
54,Anambra,0,5,moderate_stunting_prevalence_ratio,0.86,0.89,0.93,25321,214
55,Anambra,0,5,severe_stunting_prevalence_ratio,0.78,0.83,0.9,25321,214
56,Azad Jammu & Kashmir,0.5,0.833333333,mam_to_sam_rate,0.09,0.39,0.71,53615,165
57,Azad Jammu & Kashmir,0.5,0.833333333,mild_to_mam_rate,0.61,0.75,0.91,53615,165
58,Azad Jammu & Kashmir,0.5,0.833333333,tmrel_to_mild_rate,0.45,0.63,0.87,53615,165
59,Azad Jammu & Kashmir,0.833333333,1.5,mam_to_sam_rate,0.67,0.8,0.88,53615,165
60,Azad Jammu & Kashmir,0.833333333,1.5,mild_to_mam_rate,0.93,0.9,0.97,53615,165
61,Azad Jammu & Kashmir,0.833333333,1.5,tmrel_to_mild_rate,0.92,0.9,0.97,53615,165
62,Azad Jammu & Kashmir,0,5,moderate_stunting_prevalence_ratio,0.86,0.89,0.93,53615,165
63,Azad Jammu & Kashmir,0,5,severe_stunting_prevalence_ratio,0.78,0.83,0.9,53615,165
64,Balochistan,0.5,0.833333333,mam_to_sam_rate,0.05,0.05,0.29,53616,165
65,Balochistan,0.5,0.833333333,mild_to_mam_rate,0.07,0.29,0.61,53616,165
66,Balochistan,0.5,0.833333333,tmrel_to_mild_rate,0.45,0.57,0.77,53616,165
67,Balochistan,0.833333333,1.5,mam_to_sam_rate,0.7,0.81,0.93,53616,165
68,Balochistan,0.833333333,1.5,mild_to_mam_rate,0.86,0.92,0.97,53616,165
69,Balochistan,0.833333333,1.5,tmrel_to_mild_rate,0.77,0.84,0.93,53616,165
70,Balochistan,0,5,moderate_stunting_prevalence_ratio,0.86,0.89,0.93,53616,165
71,Balochistan,0,5,severe_stunting_prevalence_ratio,0.78,0.83,0.9,53616,165
72,Bauchi,0.5,0.833333333,mam_to_sam_rate,0.05,0.27,0.69,25322,214
73,Bauchi,0.5,0.833333333,mild_to_mam_rate,0.49,0.65,0.87,25322,214
74,Bauchi,0.5,0.833333333,tmrel_to_mild_rate,0.71,0.79,0.93,25322,214
75,Bauchi,0.833333333,1.5,mam_to_sam_rate,0.65,0.75,0.86,25322,214
76,Bauchi,0.833333333,1.5,mild_to_mam_rate,0.8,0.87,0.93,25322,214
77,Bauchi,0.833333333,1.5,tmrel_to_mild_rate,0.82,0.87,0.94,25322,214
78,Bauchi,0,5,moderate_stunting_prevalence_ratio,0.86,0.89,0.93,25322,214
79,Bauchi,0,5,severe_stunting_prevalence_ratio,0.78,0.83,0.9,25322,214
80,Bayelsa,0.5,0.833333333,mam_to_sam_rate,0.05,0.33,0.71,25323,214
81,Bayelsa,0.5,0.833333333,mild_to_mam_rate,0.55,0.71,0.89,25323,214
82,Bayelsa,0.5,0.833333333,tmrel_to_mild_rate,0.79,0.85,0.95,25323,214
83,Bayelsa,0.833333333,1.5,mam_to_sam_rate,0.68,0.79,0.9,25323,214
84,Bayelsa,0.833333333,1.5,mild_to_mam_rate,0.84,0.9,0.96,25323,214
85,Bayelsa,0.833333333,1.5,tmrel_to_mild_rate,0.87,0.91,0.97,25323,214
86,Bayelsa,0,5,moderate_stunting_prevalence_ratio,0.86,0.89,0.93,25323,214
87,Bayelsa,0,5,severe_stunting_prevalence_ratio,0.78,0.83,0.9,25323,214
88,Benishangul-Gumuz,0.5,0.833333333,mam_to_sam_rate,0.05,0.29,0.67,44857,179
89,Benishangul-Gumuz,0.5,0.833333333,mild_to_mam_rate,0.61,0.75,0.91,44857,179
90,Benishangul-Gumuz,0.5,0.833333333,tmrel_to_mild_rate,0.73,0.81,0.93,44857,179
91,Benishangul-Gumuz,0.833333333,1.5,mam_to_sam_rate,0.68,0.78,0.89,44857,179
92,Benishangul-Gumuz,0.833333333,1.5,mild_to_mam_rate,0.84,0.9,0.96,44857,179
93,Benishangul-Gumuz,0.833333333,1.5,tmrel_to_mild_rate,0.84,0.89,0.97,44857,179
94,Benishangul-Gumuz,0,5,moderate_stunting_prevalence_ratio,0.86,0.89,0.93,44857,179
95,Benishangul-Gumuz,0,5,severe_stunting_prevalence_ratio,0.78,0.83,0.9,44857,179
96,Benue,0.5,0.833333333,mam_to_sam_rate,0.05,0.31,0.69,25324,214
97,Benue,0.5,0.833333333,mild_to_mam_rate,0.55,0.71,0.89,25324,214
98,Benue,0.5,0.833333333,tmrel_to_mild_rate,0.77,0.83,0.93,25324,214
99,Benue,0.833333333,1.5,mam_to_sam_rate,0.67,0.77,0.89,25324,214
100,Benue,0.833333333,1.5,mild_to_mam_rate,0.83,0.89,0.96,25324,214
101,Benue,0.833333333,1.5,tmrel_to_mild_rate,0.87,0.91,0.97,25324,214
102,Benue,0,5,moderate_stunting_prevalence_ratio,0.86,0.89,0.93,25324,214
103,Benue,0,5,severe_stunting_prevalence_ratio,0.78,0.83,0.9,25324,214
104,Borno,0.5,0.833333333,mam_to_sam_rate,0.05,0.15,0.61,25325,214
105,Borno,0.5,0.833333333,mild_to_mam_rate,0.25,0.43,0.77,25325,214
106,Borno,0.5,0.833333333,tmrel_to_mild_rate,0.61,0.71,0.87,25325,214
107,Borno,0.833333333,1.5,mam_to_sam_rate,0.67,0.78,0.89,25325,214
108,Borno,0.833333333,1.5,mild_to_mam_rate,0.76,0.84,0.93,25325,214
109,Borno,0.833333333,1.5,tmrel_to_mild_rate,0.81,0.87,0.95,25325,214
110,Borno,0,5,moderate_stunting_prevalence_ratio,0.86,0.89,0.93,25325,214
111,Borno,0,5,severe_stunting_prevalence_ratio,0.78,0.83,0.9,25325,214
112,Cross River,0.5,0.833333333,mam_to_sam_rate,0.05,0.23,0.65,25326,214
113,Cross River,0.5,0.833333333,mild_to_mam_rate,0.49,0.65,0.87,25326,214
114,Cross River,0.5,0.833333333,tmrel_to_mild_rate,0.75,0.81,0.93,25326,214
115,Cross River,0.833333333,1.5,mam_to_sam_rate,0.69,0.8,0.92,25326,214
116,Cross River,0.833333333,1.5,mild_to_mam_rate,0.85,0.91,0.97,25326,214
117,Cross River,0.833333333,1.5,tmrel_to_mild_rate,0.86,0.91,0.97,25326,214
118,Cross River,0,5,moderate_stunting_prevalence_ratio,0.86,0.89,0.93,25326,214
119,Cross River,0,5,severe_stunting_prevalence_ratio,0.78,0.83,0.9,25326,214
120,Delta,0.5,0.833333333,mam_to_sam_rate,0.05,0.25,0.67,25327,214
121,Delta,0.5,0.833333333,mild_to_mam_rate,0.49,0.65,0.87,25327,214
122,Delta,0.5,0.833333333,tmrel_to_mild_rate,0.73,0.81,0.93,25327,214
123,Delta,0.833333333,1.5,mam_to_sam_rate,0.67,0.78,0.89,25327,214
124,Delta,0.833333333,1.5,mild_to_mam_rate,0.83,0.89,0.96,25327,214
125,Delta,0.833333333,1.5,tmrel_to_mild_rate,0.86,0.91,0.97,25327,214
126,Delta,0,5,moderate_stunting_prevalence_ratio,0.86,0.89,0.93,25327,214
127,Delta,0,5,severe_stunting_prevalence_ratio,0.78,0.83,0.9,25327,214
128,Dire Dawa,0.5,0.833333333,mam_to_sam_rate,0.05,0.15,0.61,44862,179
129,Dire Dawa,0.5,0.833333333,mild_to_mam_rate,0.47,0.61,0.85,44862,179
130,Dire Dawa,0.5,0.833333333,tmrel_to_mild_rate,0.57,0.69,0.89,44862,179
131,Dire Dawa,0.833333333,1.5,mam_to_sam_rate,0.67,0.78,0.89,44862,179
132,Dire Dawa,0.833333333,1.5,mild_to_mam_rate,0.84,0.9,0.96,44862,179
133,Dire Dawa,0.833333333,1.5,tmrel_to_mild_rate,0.83,0.88,0.96,44862,179
134,Dire Dawa,0,5,moderate_stunting_prevalence_ratio,0.86,0.89,0.93,44862,179
135,Dire Dawa,0,5,severe_stunting_prevalence_ratio,0.78,0.83,0.9,44862,179
136,Ebonyi,0.5,0.833333333,mam_to_sam_rate,0.05,0.23,0.67,25328,214
137,Ebonyi,0.5,0.833333333,mild_to_mam_rate,0.37,0.57,0.83,25328,214
138,Ebonyi,0.5,0.833333333,tmrel_to_mild_rate,0.67,0.77,0.91,25328,214
139,Ebonyi,0.833333333,1.5,mam_to_sam_rate,0.67,0.77,0.88,25328,214
140,Ebonyi,0.833333333,1.5,mild_to_mam_rate,0.82,0.88,0.95,25328,214
141,Ebonyi,0.833333333,1.5,tmrel_to_mild_rate,0.85,0.9,0.96,25328,214
142,Ebonyi,0,5,moderate_stunting_prevalence_ratio,0.86,0.89,0.93,25328,214
143,Ebonyi,0,5,severe_stunting_prevalence_ratio,0.78,0.83,0.9,25328,214
144,Edo,0.5,0.833333333,mam_to_sam_rate,0.05,0.19,0.63,25329,214
145,Edo,0.5,0.833333333,mild_to_mam_rate,0.37,0.55,0.83,25329,214
146,Edo,0.5,0.833333333,tmrel_to_mild_rate,0.69,0.77,0.91,25329,214
147,Edo,0.833333333,1.5,mam_to_sam_rate,0.68,0.79,0.9,25329,214
148,Edo,0.833333333,1.5,mild_to_mam_rate,0.84,0.9,0.96,25329,214
149,Edo,0.833333333,1.5,tmrel_to_mild_rate,0.87,0.91,0.97,25329,214
150,Edo,0,5,moderate_stunting_prevalence_ratio,0.86,0.89,0.93,25329,214
151,Edo,0,5,severe_stunting_prevalence_ratio,0.78,0.83,0.9,25329,214
152,Ekiti,0.5,0.833333333,mam_to_sam_rate,0.05,0.33,0.71,25330,214
153,Ekiti,0.5,0.833333333,mild_to_mam_rate,0.55,0.71,0.89,25330,214
154,Ekiti,0.5,0.833333333,tmrel_to_mild_rate,0.77,0.83,0.93,25330,214
155,Ekiti,0.833333333,1.5,mam_to_sam_rate,0.67,0.77,0.88,25330,214
156,Ekiti,0.833333333,1.5,mild_to_mam_rate,0.84,0.9,0.96,25330,214
157,Ekiti,0.833333333,1.5,tmrel_to_mild_rate,0.87,0.91,0.97,25330,214
158,Ekiti,0,5,moderate_stunting_prevalence_ratio,0.86,0.89,0.93,25330,214
159,Ekiti,0,5,severe_stunting_prevalence_ratio,0.78,0.83,0.9,25330,214
160,Enugu,0.5,0.833333333,mam_to_sam_rate,0.05,0.31,0.71,25331,214
161,Enugu,0.5,0.833333333,mild_to_mam_rate,0.55,0.71,0.89,25331,214
162,Enugu,0.5,0.833333333,tmrel_to_mild_rate,0.77,0.85,0.95,25331,214
163,Enugu,0.833333333,1.5,mam_to_sam_rate,0.67,0.78,0.89,25331,214
164,Enugu,0.833333333,1.5,mild_to_mam_rate,0.84,0.9,0.96,25331,214
165,Enugu,0.833333333,1.5,tmrel_to_mild_rate,0.87,0.92,0.97,25331,214
166,Enugu,0,5,moderate_stunting_prevalence_ratio,0.86,0.89,0.93,25331,214
167,Enugu,0,5,severe_stunting_prevalence_ratio,0.78,0.83,0.9,25331,214
168,FCT (Abuja),0.5,0.833333333,mam_to_sam_rate,0.05,0.31,0.69,25332,214
169,FCT (Abuja),0.5,0.833333333,mild_to_mam_rate,0.59,0.73,0.91,25332,214
170,FCT (Abuja),0.5,0.833333333,tmrel_to_mild_rate,0.75,0.83,0.93,25332,214
171,FCT (Abuja),0.833333333,1.5,mam_to_sam_rate,0.71,0.82,0.94,25332,214
172,FCT (Abuja),0.833333333,1.5,mild_to_mam_rate,0.88,0.94,1,25332,214
173,FCT (Abuja),0.833333333,1.5,tmrel_to_mild_rate,0.87,0.92,0.97,25332,214
174,FCT (Abuja),0,5,moderate_stunting_prevalence_ratio,0.86,0.89,0.93,25332,214
175,FCT (Abuja),0,5,severe_stunting_prevalence_ratio,0.78,0.83,0.9,25332,214
176,Gambella,0.5,0.833333333,mam_to_sam_rate,0.15,0.43,0.75,44860,179
177,Gambella,0.5,0.833333333,mild_to_mam_rate,0.57,0.73,0.89,44860,179
178,Gambella,0.5,0.833333333,tmrel_to_mild_rate,0.67,0.77,0.91,44860,179
179,Gambella,0.833333333,1.5,mam_to_sam_rate,0.7,0.81,0.93,44860,179
180,Gambella,0.833333333,1.5,mild_to_mam_rate,0.84,0.9,0.97,44860,179
181,Gambella,0.833333333,1.5,tmrel_to_mild_rate,0.82,0.88,0.95,44860,179
182,Gambella,0,5,moderate_stunting_prevalence_ratio,0.86,0.89,0.93,44860,179
183,Gambella,0,5,severe_stunting_prevalence_ratio,0.78,0.83,0.9,44860,179
184,Gilgit-Baltistan,0.5,0.833333333,mam_to_sam_rate,0.05,0.23,0.67,53617,165
185,Gilgit-Baltistan,0.5,0.833333333,mild_to_mam_rate,0.55,0.69,0.89,53617,165
186,Gilgit-Baltistan,0.5,0.833333333,tmrel_to_mild_rate,0.71,0.79,0.93,53617,165
187,Gilgit-Baltistan,0.833333333,1.5,mam_to_sam_rate,0.67,0.78,0.89,53617,165
188,Gilgit-Baltistan,0.833333333,1.5,mild_to_mam_rate,0.89,0.94,0.98,53617,165
189,Gilgit-Baltistan,0.833333333,1.5,tmrel_to_mild_rate,0.88,0.93,1,53617,165
190,Gilgit-Baltistan,0,5,moderate_stunting_prevalence_ratio,0.86,0.89,0.93,53617,165
191,Gilgit-Baltistan,0,5,severe_stunting_prevalence_ratio,0.78,0.83,0.9,53617,165
192,Gombe,0.5,0.833333333,mam_to_sam_rate,0.05,0.29,0.69,25333,214
193,Gombe,0.5,0.833333333,mild_to_mam_rate,0.47,0.65,0.87,25333,214
194,Gombe,0.5,0.833333333,tmrel_to_mild_rate,0.69,0.79,0.91,25333,214
195,Gombe,0.833333333,1.5,mam_to_sam_rate,0.68,0.78,0.89,25333,214
196,Gombe,0.833333333,1.5,mild_to_mam_rate,0.79,0.86,0.93,25333,214
197,Gombe,0.833333333,1.5,tmrel_to_mild_rate,0.82,0.87,0.95,25333,214
198,Gombe,0,5,moderate_stunting_prevalence_ratio,0.86,0.89,0.93,25333,214
199,Gombe,0,5,severe_stunting_prevalence_ratio,0.78,0.83,0.9,25333,214
200,Harari,0.5,0.833333333,mam_to_sam_rate,0.05,0.13,0.59,44859,179
201,Harari,0.5,0.833333333,mild_to_mam_rate,0.53,0.67,0.87,44859,179
202,Harari,0.5,0.833333333,tmrel_to_mild_rate,0.73,0.81,0.93,44859,179
203,Harari,0.833333333,1.5,mam_to_sam_rate,0.67,0.78,0.89,44859,179
204,Harari,0.833333333,1.5,mild_to_mam_rate,0.85,0.9,0.96,44859,179
205,Harari,0.833333333,1.5,tmrel_to_mild_rate,0.86,0.91,0.97,44859,179
206,Harari,0,5,moderate_stunting_prevalence_ratio,0.86,0.89,0.93,44859,179
207,Harari,0,5,severe_stunting_prevalence_ratio,0.78,0.83,0.9,44859,179
208,Imo,0.5,0.833333333,mam_to_sam_rate,0.05,0.23,0.65,25334,214
209,Imo,0.5,0.833333333,mild_to_mam_rate,0.45,0.61,0.85,25334,214
210,Imo,0.5,0.833333333,tmrel_to_mild_rate,0.69,0.77,0.91,25334,214
211,Imo,0.833333333,1.5,mam_to_sam_rate,0.68,0.78,0.89,25334,214
212,Imo,0.833333333,1.5,mild_to_mam_rate,0.82,0.89,0.95,25334,214
213,Imo,0.833333333,1.5,tmrel_to_mild_rate,0.85,0.9,0.96,25334,214
214,Imo,0,5,moderate_stunting_prevalence_ratio,0.86,0.89,0.93,25334,214
215,Imo,0,5,severe_stunting_prevalence_ratio,0.78,0.83,0.9,25334,214
216,Islamabad Capital Territory,0.5,0.833333333,mam_to_sam_rate,0.05,0.21,0.67,53618,165
217,Islamabad Capital Territory,0.5,0.833333333,mild_to_mam_rate,0.55,0.69,0.89,53618,165
218,Islamabad Capital Territory,0.5,0.833333333,tmrel_to_mild_rate,0.75,0.83,0.93,53618,165
219,Islamabad Capital Territory,0.833333333,1.5,mam_to_sam_rate,0.68,0.79,0.9,53618,165
220,Islamabad Capital Territory,0.833333333,1.5,mild_to_mam_rate,0.89,0.94,0.99,53618,165
221,Islamabad Capital Territory,0.833333333,1.5,tmrel_to_mild_rate,0.88,0.93,0.99,53618,165
222,Islamabad Capital Territory,0,5,moderate_stunting_prevalence_ratio,0.86,0.89,0.93,53618,165
223,Islamabad Capital Territory,0,5,severe_stunting_prevalence_ratio,0.78,0.83,0.9,53618,165
224,Jigawa,0.5,0.833333333,mam_to_sam_rate,0.05,0.21,0.65,25335,214
225,Jigawa,0.5,0.833333333,mild_to_mam_rate,0.35,0.53,0.83,25335,214
226,Jigawa,0.5,0.833333333,tmrel_to_mild_rate,0.65,0.75,0.89,25335,214
227,Jigawa,0.833333333,1.5,mam_to_sam_rate,0.66,0.76,0.87,25335,214
228,Jigawa,0.833333333,1.5,mild_to_mam_rate,0.76,0.84,0.92,25335,214
229,Jigawa,0.833333333,1.5,tmrel_to_mild_rate,0.81,0.87,0.94,25335,214
230,Jigawa,0,5,moderate_stunting_prevalence_ratio,0.86,0.89,0.93,25335,214
231,Jigawa,0,5,severe_stunting_prevalence_ratio,0.78,0.83,0.9,25335,214
232,Kaduna,0.5,0.833333333,mam_to_sam_rate,0.05,0.23,0.67,25336,214
233,Kaduna,0.5,0.833333333,mild_to_mam_rate,0.39,0.57,0.85,25336,214
234,Kaduna,0.5,0.833333333,tmrel_to_mild_rate,0.67,0.77,0.91,25336,214
235,Kaduna,0.833333333,1.5,mam_to_sam_rate,0.68,0.79,0.9,25336,214
236,Kaduna,0.833333333,1.5,mild_to_mam_rate,0.81,0.88,0.95,25336,214
237,Kaduna,0.833333333,1.5,tmrel_to_mild_rate,0.83,0.88,0.96,25336,214
238,Kaduna,0,5,moderate_stunting_prevalence_ratio,0.86,0.89,0.93,25336,214
239,Kaduna,0,5,severe_stunting_prevalence_ratio,0.78,0.83,0.9,25336,214
240,Kano,0.5,0.833333333,mam_to_sam_rate,0.05,0.23,0.67,25337,214
241,Kano,0.5,0.833333333,mild_to_mam_rate,0.35,0.53,0.83,25337,214
242,Kano,0.5,0.833333333,tmrel_to_mild_rate,0.65,0.75,0.89,25337,214
243,Kano,0.833333333,1.5,mam_to_sam_rate,0.66,0.77,0.88,25337,214
244,Kano,0.833333333,1.5,mild_to_mam_rate,0.78,0.85,0.93,25337,214
245,Kano,0.833333333,1.5,tmrel_to_mild_rate,0.82,0.88,0.95,25337,214
246,Kano,0,5,moderate_stunting_prevalence_ratio,0.86,0.89,0.93,25337,214
247,Kano,0,5,severe_stunting_prevalence_ratio,0.78,0.83,0.9,25337,214
248,Katsina,0.5,0.833333333,mam_to_sam_rate,0.05,0.21,0.67,25338,214
249,Katsina,0.5,0.833333333,mild_to_mam_rate,0.31,0.49,0.81,25338,214
250,Katsina,0.5,0.833333333,tmrel_to_mild_rate,0.65,0.75,0.89,25338,214
251,Katsina,0.833333333,1.5,mam_to_sam_rate,0.66,0.76,0.87,25338,214
252,Katsina,0.833333333,1.5,mild_to_mam_rate,0.77,0.84,0.92,25338,214
253,Katsina,0.833333333,1.5,tmrel_to_mild_rate,0.82,0.88,0.95,25338,214
254,Katsina,0,5,moderate_stunting_prevalence_ratio,0.86,0.89,0.93,25338,214
255,Katsina,0,5,severe_stunting_prevalence_ratio,0.78,0.83,0.9,25338,214
256,Kebbi,0.5,0.833333333,mam_to_sam_rate,0.05,0.21,0.63,25339,214
257,Kebbi,0.5,0.833333333,mild_to_mam_rate,0.31,0.51,0.81,25339,214
258,Kebbi,0.5,0.833333333,tmrel_to_mild_rate,0.57,0.69,0.87,25339,214
259,Kebbi,0.833333333,1.5,mam_to_sam_rate,0.68,0.79,0.9,25339,214
260,Kebbi,0.833333333,1.5,mild_to_mam_rate,0.76,0.84,0.92,25339,214
261,Kebbi,0.833333333,1.5,tmrel_to_mild_rate,0.8,0.86,0.94,25339,214
262,Kebbi,0,5,moderate_stunting_prevalence_ratio,0.86,0.89,0.93,25339,214
263,Kebbi,0,5,severe_stunting_prevalence_ratio,0.78,0.83,0.9,25339,214
264,Khyber Pakhtunkhwa,0.5,0.833333333,mam_to_sam_rate,0.05,0.05,0.55,53619,165
265,Khyber Pakhtunkhwa,0.5,0.833333333,mild_to_mam_rate,0.33,0.49,0.81,53619,165
266,Khyber Pakhtunkhwa,0.5,0.833333333,tmrel_to_mild_rate,0.55,0.67,0.87,53619,165
267,Khyber Pakhtunkhwa,0.833333333,1.5,mam_to_sam_rate,0.67,0.77,0.88,53619,165
268,Khyber Pakhtunkhwa,0.833333333,1.5,mild_to_mam_rate,0.88,0.93,0.98,53619,165
269,Khyber Pakhtunkhwa,0.833333333,1.5,tmrel_to_mild_rate,0.85,0.91,0.99,53619,165
270,Khyber Pakhtunkhwa,0,5,moderate_stunting_prevalence_ratio,0.86,0.89,0.93,53619,165
271,Khyber Pakhtunkhwa,0,5,severe_stunting_prevalence_ratio,0.78,0.83,0.9,53619,165
272,Kogi,0.5,0.833333333,mam_to_sam_rate,0.05,0.13,0.61,25340,214
273,Kogi,0.5,0.833333333,mild_to_mam_rate,0.21,0.37,0.75,25340,214
274,Kogi,0.5,0.833333333,tmrel_to_mild_rate,0.59,0.69,0.87,25340,214
275,Kogi,0.833333333,1.5,mam_to_sam_rate,0.67,0.78,0.89,25340,214
276,Kogi,0.833333333,1.5,mild_to_mam_rate,0.82,0.89,0.95,25340,214
277,Kogi,0.833333333,1.5,tmrel_to_mild_rate,0.85,0.9,0.97,25340,214
278,Kogi,0,5,moderate_stunting_prevalence_ratio,0.86,0.89,0.93,25340,214
279,Kogi,0,5,severe_stunting_prevalence_ratio,0.78,0.83,0.9,25340,214
280,Kwara,0.5,0.833333333,mam_to_sam_rate,0.05,0.23,0.67,25341,214
281,Kwara,0.5,0.833333333,mild_to_mam_rate,0.45,0.61,0.87,25341,214
282,Kwara,0.5,0.833333333,tmrel_to_mild_rate,0.71,0.79,0.93,25341,214
283,Kwara,0.833333333,1.5,mam_to_sam_rate,0.68,0.78,0.9,25341,214
284,Kwara,0.833333333,1.5,mild_to_mam_rate,0.83,0.89,0.96,25341,214
285,Kwara,0.833333333,1.5,tmrel_to_mild_rate,0.85,0.9,0.97,25341,214
286,Kwara,0,5,moderate_stunting_prevalence_ratio,0.86,0.89,0.93,25341,214
287,Kwara,0,5,severe_stunting_prevalence_ratio,0.78,0.83,0.9,25341,214
288,Lagos,0.5,0.833333333,mam_to_sam_rate,0.05,0.17,0.65,25342,214
289,Lagos,0.5,0.833333333,mild_to_mam_rate,0.29,0.47,0.81,25342,214
290,Lagos,0.5,0.833333333,tmrel_to_mild_rate,0.63,0.73,0.89,25342,214
291,Lagos,0.833333333,1.5,mam_to_sam_rate,0.68,0.78,0.9,25342,214
292,Lagos,0.833333333,1.5,mild_to_mam_rate,0.82,0.88,0.95,25342,214
293,Lagos,0.833333333,1.5,tmrel_to_mild_rate,0.84,0.89,0.96,25342,214
294,Lagos,0,5,moderate_stunting_prevalence_ratio,0.86,0.89,0.93,25342,214
295,Lagos,0,5,severe_stunting_prevalence_ratio,0.78,0.83,0.9,25342,214
296,Nasarawa,0.5,0.833333333,mam_to_sam_rate,0.05,0.27,0.67,25343,214
297,Nasarawa,0.5,0.833333333,mild_to_mam_rate,0.51,0.67,0.87,25343,214
298,Nasarawa,0.5,0.833333333,tmrel_to_mild_rate,0.73,0.81,0.93,25343,214
299,Nasarawa,0.833333333,1.5,mam_to_sam_rate,0.68,0.78,0.89,25343,214
300,Nasarawa,0.833333333,1.5,mild_to_mam_rate,0.83,0.9,0.96,25343,214
301,Nasarawa,0.833333333,1.5,tmrel_to_mild_rate,0.86,0.91,0.97,25343,214
302,Nasarawa,0,5,moderate_stunting_prevalence_ratio,0.86,0.89,0.93,25343,214
303,Nasarawa,0,5,severe_stunting_prevalence_ratio,0.78,0.83,0.9,25343,214
304,Niger,0.5,0.833333333,mam_to_sam_rate,0.05,0.27,0.67,25344,214
305,Niger,0.5,0.833333333,mild_to_mam_rate,0.43,0.61,0.85,25344,214
306,Niger,0.5,0.833333333,tmrel_to_mild_rate,0.67,0.77,0.91,25344,214
307,Niger,0.833333333,1.5,mam_to_sam_rate,0.67,0.78,0.89,25344,214
308,Niger,0.833333333,1.5,mild_to_mam_rate,0.82,0.89,0.95,25344,214
309,Niger,0.833333333,1.5,tmrel_to_mild_rate,0.84,0.89,0.96,25344,214
310,Niger,0,5,moderate_stunting_prevalence_ratio,0.86,0.89,0.93,25344,214
311,Niger,0,5,severe_stunting_prevalence_ratio,0.78,0.83,0.9,25344,214
312,Ogun,0.5,0.833333333,mam_to_sam_rate,0.05,0.21,0.65,25345,214
313,Ogun,0.5,0.833333333,mild_to_mam_rate,0.41,0.57,0.83,25345,214
314,Ogun,0.5,0.833333333,tmrel_to_mild_rate,0.71,0.79,0.91,25345,214
315,Ogun,0.833333333,1.5,mam_to_sam_rate,0.7,0.81,0.93,25345,214
316,Ogun,0.833333333,1.5,mild_to_mam_rate,0.85,0.91,0.98,25345,214
317,Ogun,0.833333333,1.5,tmrel_to_mild_rate,0.86,0.91,0.97,25345,214
318,Ogun,0,5,moderate_stunting_prevalence_ratio,0.86,0.89,0.93,25345,214
319,Ogun,0,5,severe_stunting_prevalence_ratio,0.78,0.83,0.9,25345,214
320,Ondo,0.5,0.833333333,mam_to_sam_rate,0.05,0.15,0.63,25346,214
321,Ondo,0.5,0.833333333,mild_to_mam_rate,0.31,0.47,0.79,25346,214
322,Ondo,0.5,0.833333333,tmrel_to_mild_rate,0.71,0.79,0.91,25346,214
323,Ondo,0.833333333,1.5,mam_to_sam_rate,0.7,0.81,0.93,25346,214
324,Ondo,0.833333333,1.5,mild_to_mam_rate,0.86,0.93,0.99,25346,214
325,Ondo,0.833333333,1.5,tmrel_to_mild_rate,0.88,0.93,0.99,25346,214
326,Ondo,0,5,moderate_stunting_prevalence_ratio,0.86,0.89,0.93,25346,214
327,Ondo,0,5,severe_stunting_prevalence_ratio,0.78,0.83,0.9,25346,214
328,Oromia,0.5,0.833333333,mam_to_sam_rate,0.05,0.37,0.71,44855,179
329,Oromia,0.5,0.833333333,mild_to_mam_rate,0.57,0.73,0.91,44855,179
330,Oromia,0.5,0.833333333,tmrel_to_mild_rate,0.73,0.81,0.93,44855,179
331,Oromia,0.833333333,1.5,mam_to_sam_rate,0.68,0.78,0.9,44855,179
332,Oromia,0.833333333,1.5,mild_to_mam_rate,0.85,0.91,0.97,44855,179
333,Oromia,0.833333333,1.5,tmrel_to_mild_rate,0.86,0.91,0.97,44855,179
334,Oromia,0,5,moderate_stunting_prevalence_ratio,0.86,0.89,0.93,44855,179
335,Oromia,0,5,severe_stunting_prevalence_ratio,0.78,0.83,0.9,44855,179
336,Osun,0.5,0.833333333,mam_to_sam_rate,0.05,0.29,0.69,25347,214
337,Osun,0.5,0.833333333,mild_to_mam_rate,0.51,0.67,0.87,25347,214
338,Osun,0.5,0.833333333,tmrel_to_mild_rate,0.73,0.81,0.93,25347,214
339,Osun,0.833333333,1.5,mam_to_sam_rate,0.68,0.78,0.89,25347,214
340,Osun,0.833333333,1.5,mild_to_mam_rate,0.83,0.89,0.96,25347,214
341,Osun,0.833333333,1.5,tmrel_to_mild_rate,0.85,0.9,0.96,25347,214
342,Osun,0,5,moderate_stunting_prevalence_ratio,0.86,0.89,0.93,25347,214
343,Osun,0,5,severe_stunting_prevalence_ratio,0.78,0.83,0.9,25347,214
344,Oyo,0.5,0.833333333,mam_to_sam_rate,0.05,0.23,0.69,25348,214
345,Oyo,0.5,0.833333333,mild_to_mam_rate,0.47,0.63,0.87,25348,214
346,Oyo,0.5,0.833333333,tmrel_to_mild_rate,0.75,0.83,0.93,25348,214
347,Oyo,0.833333333,1.5,mam_to_sam_rate,0.7,0.8,0.92,25348,214
348,Oyo,0.833333333,1.5,mild_to_mam_rate,0.85,0.91,0.97,25348,214
349,Oyo,0.833333333,1.5,tmrel_to_mild_rate,0.87,0.91,0.97,25348,214
350,Oyo,0,5,moderate_stunting_prevalence_ratio,0.86,0.89,0.93,25348,214
351,Oyo,0,5,severe_stunting_prevalence_ratio,0.78,0.83,0.9,25348,214
352,Plateau,0.5,0.833333333,mam_to_sam_rate,0.05,0.27,0.67,25349,214
353,Plateau,0.5,0.833333333,mild_to_mam_rate,0.51,0.67,0.89,25349,214
354,Plateau,0.5,0.833333333,tmrel_to_mild_rate,0.77,0.85,0.93,25349,214
355,Plateau,0.833333333,1.5,mam_to_sam_rate,0.67,0.78,0.89,25349,214
356,Plateau,0.833333333,1.5,mild_to_mam_rate,0.83,0.89,0.96,25349,214
357,Plateau,0.833333333,1.5,tmrel_to_mild_rate,0.87,0.91,0.97,25349,214
358,Plateau,0,5,moderate_stunting_prevalence_ratio,0.86,0.89,0.93,25349,214
359,Plateau,0,5,severe_stunting_prevalence_ratio,0.78,0.83,0.9,25349,214
360,Punjab,0.5,0.833333333,mam_to_sam_rate,0.05,0.13,0.63,53620,165
361,Punjab,0.5,0.833333333,mild_to_mam_rate,0.45,0.61,0.85,53620,165
362,Punjab,0.5,0.833333333,tmrel_to_mild_rate,0.63,0.73,0.89,53620,165
363,Punjab,0.833333333,1.5,mam_to_sam_rate,0.68,0.79,0.9,53620,165
364,Punjab,0.833333333,1.5,mild_to_mam_rate,0.89,0.94,0.99,53620,165
365,Punjab,0.833333333,1.5,tmrel_to_mild_rate,0.84,0.89,0.97,53620,165
366,Punjab,0,5,moderate_stunting_prevalence_ratio,0.86,0.89,0.93,53620,165
367,Punjab,0,5,severe_stunting_prevalence_ratio,0.78,0.83,0.9,53620,165
368,Rivers,0.5,0.833333333,mam_to_sam_rate,0.05,0.27,0.67,25350,214
369,Rivers,0.5,0.833333333,mild_to_mam_rate,0.55,0.69,0.89,25350,214
370,Rivers,0.5,0.833333333,tmrel_to_mild_rate,0.75,0.83,0.93,25350,214
371,Rivers,0.833333333,1.5,mam_to_sam_rate,0.7,0.81,0.93,25350,214
372,Rivers,0.833333333,1.5,mild_to_mam_rate,0.87,0.93,0.99,25350,214
373,Rivers,0.833333333,1.5,tmrel_to_mild_rate,0.88,0.92,0.98,25350,214
374,Rivers,0,5,moderate_stunting_prevalence_ratio,0.86,0.89,0.93,25350,214
375,Rivers,0,5,severe_stunting_prevalence_ratio,0.78,0.83,0.9,25350,214
376,Sindh,0.5,0.833333333,mam_to_sam_rate,0.05,0.05,0.53,53621,165
377,Sindh,0.5,0.833333333,mild_to_mam_rate,0.31,0.49,0.81,53621,165
378,Sindh,0.5,0.833333333,tmrel_to_mild_rate,0.53,0.65,0.87,53621,165
379,Sindh,0.833333333,1.5,mam_to_sam_rate,0.68,0.79,0.9,53621,165
380,Sindh,0.833333333,1.5,mild_to_mam_rate,0.89,0.94,0.98,53621,165
381,Sindh,0.833333333,1.5,tmrel_to_mild_rate,0.81,0.87,0.96,53621,165
382,Sindh,0,5,moderate_stunting_prevalence_ratio,0.86,0.89,0.93,53621,165
383,Sindh,0,5,severe_stunting_prevalence_ratio,0.78,0.83,0.9,53621,165
384,Sokoto,0.5,0.833333333,mam_to_sam_rate,0.05,0.15,0.63,25351,214
385,Sokoto,0.5,0.833333333,mild_to_mam_rate,0.15,0.31,0.73,25351,214
386,Sokoto,0.5,0.833333333,tmrel_to_mild_rate,0.51,0.63,0.85,25351,214
387,Sokoto,0.833333333,1.5,mam_to_sam_rate,0.65,0.75,0.86,25351,214
388,Sokoto,0.833333333,1.5,mild_to_mam_rate,0.72,0.8,0.89,25351,214
389,Sokoto,0.833333333,1.5,tmrel_to_mild_rate,0.78,0.84,0.92,25351,214
390,Sokoto,0,5,moderate_stunting_prevalence_ratio,0.86,0.89,0.93,25351,214
391,Sokoto,0,5,severe_stunting_prevalence_ratio,0.78,0.83,0.9,25351,214
392,Somali,0.5,0.833333333,mam_to_sam_rate,0.05,0.31,0.69,44856,179
393,Somali,0.5,0.833333333,mild_to_mam_rate,0.43,0.63,0.85,44856,179
394,Somali,0.5,0.833333333,tmrel_to_mild_rate,0.59,0.71,0.89,44856,179
395,Somali,0.833333333,1.5,mam_to_sam_rate,0.7,0.81,0.93,44856,179
396,Somali,0.833333333,1.5,mild_to_mam_rate,0.84,0.9,0.97,44856,179
397,Somali,0.833333333,1.5,tmrel_to_mild_rate,0.8,0.86,0.95,44856,179
398,Somali,0,5,moderate_stunting_prevalence_ratio,0.86,0.89,0.93,44856,179
399,Somali,0,5,severe_stunting_prevalence_ratio,0.78,0.83,0.9,44856,179
400,"Southern Nations, Nationalities, and Peoples",0.5,0.833333333,mam_to_sam_rate,0.21,0.49,0.75,44858,179
401,"Southern Nations, Nationalities, and Peoples",0.5,0.833333333,mild_to_mam_rate,0.63,0.77,0.91,44858,179
402,"Southern Nations, Nationalities, and Peoples",0.5,0.833333333,tmrel_to_mild_rate,0.79,0.85,0.95,44858,179
403,"Southern Nations, Nationalities, and Peoples",0.833333333,1.5,mam_to_sam_rate,0.69,0.79,0.9,44858,179
404,"Southern Nations, Nationalities, and Peoples",0.833333333,1.5,mild_to_mam_rate,0.83,0.9,0.96,44858,179
405,"Southern Nations, Nationalities, and Peoples",0.833333333,1.5,tmrel_to_mild_rate,0.86,0.91,0.97,44858,179
406,"Southern Nations, Nationalities, and Peoples",0,5,moderate_stunting_prevalence_ratio,0.86,0.89,0.93,44858,179
407,"Southern Nations, Nationalities, and Peoples",0,5,severe_stunting_prevalence_ratio,0.78,0.83,0.9,44858,179
408,Taraba,0.5,0.833333333,mam_to_sam_rate,0.05,0.31,0.69,25352,214
409,Taraba,0.5,0.833333333,mild_to_mam_rate,0.53,0.69,0.89,25352,214
410,Taraba,0.5,0.833333333,tmrel_to_mild_rate,0.77,0.83,0.93,25352,214
411,Taraba,0.833333333,1.5,mam_to_sam_rate,0.66,0.76,0.87,25352,214
412,Taraba,0.833333333,1.5,mild_to_mam_rate,0.82,0.88,0.94,25352,214
413,Taraba,0.833333333,1.5,tmrel_to_mild_rate,0.86,0.91,0.97,25352,214
414,Taraba,0,5,moderate_stunting_prevalence_ratio,0.86,0.89,0.93,25352,214
415,Taraba,0,5,severe_stunting_prevalence_ratio,0.78,0.83,0.9,25352,214
416,Tigray,0.5,0.833333333,mam_to_sam_rate,0.05,0.27,0.67,44852,179
417,Tigray,0.5,0.833333333,mild_to_mam_rate,0.53,0.69,0.89,44852,179
418,Tigray,0.5,0.833333333,tmrel_to_mild_rate,0.65,0.75,0.91,44852,179
419,Tigray,0.833333333,1.5,mam_to_sam_rate,0.69,0.8,0.92,44852,179
420,Tigray,0.833333333,1.5,mild_to_mam_rate,0.85,0.91,0.97,44852,179
421,Tigray,0.833333333,1.5,tmrel_to_mild_rate,0.84,0.89,0.96,44852,179
422,Tigray,0,5,moderate_stunting_prevalence_ratio,0.86,0.89,0.93,44852,179
423,Tigray,0,5,severe_stunting_prevalence_ratio,0.78,0.83,0.9,44852,179
424,Yobe,0.5,0.833333333,mam_to_sam_rate,0.05,0.15,0.65,25353,214
425,Yobe,0.5,0.833333333,mild_to_mam_rate,0.21,0.39,0.77,25353,214
426,Yobe,0.5,0.833333333,tmrel_to_mild_rate,0.59,0.69,0.87,25353,214
427,Yobe,0.833333333,1.5,mam_to_sam_rate,0.7,0.81,0.92,25353,214
428,Yobe,0.833333333,1.5,mild_to_mam_rate,0.77,0.86,0.94,25353,214
429,Yobe,0.833333333,1.5,tmrel_to_mild_rate,0.81,0.87,0.95,25353,214
430,Yobe,0,5,moderate_stunting_prevalence_ratio,0.86,0.89,0.93,25353,214
431,Yobe,0,5,severe_stunting_prevalence_ratio,0.78,0.83,0.9,25353,214
432,Zamfara,0.5,0.833333333,mam_to_sam_rate,0.05,0.25,0.67,25354,214
433,Zamfara,0.5,0.833333333,mild_to_mam_rate,0.41,0.59,0.85,25354,214
434,Zamfara,0.5,0.833333333,tmrel_to_mild_rate,0.65,0.75,0.89,25354,214
435,Zamfara,0.833333333,1.5,mam_to_sam_rate,0.64,0.74,0.84,25354,214
436,Zamfara,0.833333333,1.5,mild_to_mam_rate,0.76,0.83,0.9,25354,214
437,Zamfara,0.833333333,1.5,tmrel_to_mild_rate,0.8,0.86,0.93,25354,214
438,Zamfara,0,5,moderate_stunting_prevalence_ratio,0.86,0.89,0.93,25354,214
439,Zamfara,0,5,severe_stunting_prevalence_ratio,0.78,0.83,0.9,25354,214
